,RMSE,MAPE
Network_Traffic,35.77029628521334,0.38204950195253784
Latency (ms),20.213012347854793,0.177444352894996
Packet_Loss (%),0.02933028176231487,5.914709349767367
